[
    {
      "question": "Quel pays possède la plus grande superficie d'Antarctique ?",
      "options": ["Australie", "Argentine", "Chili", "Norvège"],
      "answer": "Argentine"
    },
    {
      "question": "Quel est le pays le plus au nord de l'Europe ?",
      "options": ["Norvège", "Suède", "Finlande", "Islande"],
      "answer": "Norvège"
    },
    {
      "question": "Quelle est la capitale du Kazakhstan ?",
      "options": ["Astana", "Almaty", "Bichkek", "Tachkent"],
      "answer": "Astana"
    },
    {
      "question": "Quel est le plus grand désert chaud du monde ?",
      "options": ["Désert du Sahara", "Désert de Sonora", "Désert d'Arabie", "Désert de Kalahari"],
      "answer": "Désert du Sahara"
    },
    {
      "question": "Quel est le plus grand pays d'Afrique en superficie ?",
      "options": ["Algérie", "Congo", "Soudan", "Libye"],
      "answer": "Algérie"
    },
    {
      "question": "Quel est le pays insulaire qui est le plus proche de l'Antarctique ?",
      "options": ["Chili", "Argentine", "Australie", "Nouvelle-Zélande"],
      "answer": "Chili"
    },
    {
      "question": "Quel est le plus grand golfe du monde ?",
      "options": ["Golfe de Mexico", "Golfe Persique", "Golfe de Californie", "Golfe de Guinée"],
      "answer": "Golfe de Mexique"
    },
    {
      "question": "Quel est le pays qui possède la plus grande portion du détroit de Béring ?",
      "options": ["États-Unis", "Russie", "Canada", "Norvège"],
      "answer": "Russie"
    },
    {
      "question": "Quelle mer borde la Turquie au sud ?",
      "options": ["Mer Méditerranée", "Mer Égée", "Mer Noire", "Mer de Marmara"],
      "answer": "Mer Méditerranée"
    },
    {
      "question": "Dans quel pays se trouve le delta du Mékong ?",
      "options": ["Cambodge", "Laos", "Vietnam", "Thaïlande"],
      "answer": "Vietnam"
    }
  ]
  