[
    {
      "question": "Quelle est la capitale du Japon ?",
      "options": ["Tokyo", "Séoul", "Pékin", "Bangkok"],
      "answer": "Tokyo"
    },
    {
      "question": "Quel océan borde la côte \nest des États-Unis ?",
      "options": ["Océan Atlantique", "Océan Pacifique", "Océan Indien", "Océan Arctique"],
      "answer": "Océan Atlantique"
    },
    {
      "question": "Quel est le plus grand continent ?",
      "options": ["Afrique", "Asie", "Europe", "Amérique"],
      "answer": "Asie"
    },
    {
      "question": "Quel est le plus \n grand pays du monde ?",
      "options": ["États-Unis", "Canada", "Russie", "Chine"],
      "answer": "Russie"
    },
    {
      "question": "Dans quel pays se trouve la ville de Marrakech ?",
      "options": ["Égypte", "Algérie", "Maroc", "Tunisie"],
      "answer": "Maroc"
    },
    {
      "question": "Quelle est la capitale du Canada ?",
      "options": ["Ottawa", "Toronto", "Vancouver", "Montréal"],
      "answer": "Ottawa"
    },
    {
      "question": "Quel est le plus long fleuve du monde ?",
      "options": ["Nil", "Amazone", "Yangzi", "Mississippi"],
      "answer": "Nil"
    },
    {
      "question": "Quel pays est connu pour sa forme de botte ?",
      "options": ["Espagne", "France", "Italie", "Grèce"],
      "answer": "Italie"
    },
    {
      "question": "Où se trouve la grande barrière de corail ?",
      "options": ["Indonésie", "Australie", "Philippines", "Malaisie"],
      "answer": "Australie"
    },
    {
      "question": "Quel est le désert le plus grand du monde ?",
      "options": ["Sahara", "Kalahari", "Atacama", "Gobi"],
      "answer": "Sahara"
    }
    
  ]
  