[
    {
      "question": "Quel est le plus haut sommet d'Afrique ?",
      "options": ["Mont Kilimandjaro", "Mont Kenya", "Mont Elgon", "Mont Atlas"],
      "answer": "Mont Kilimandjaro"
    },
    {
      "question": "Quel est le plus grand archipel du monde ?",
      "options": ["Indonésie", "Philippines", "Japon", "Maldives"],
      "answer": "Indonésie"
    },
    {
      "question": "Quel est le pays avec le plus grand nombre de volcans actifs ?",
      "options": ["Indonésie", "Italie", "Japon", "Chili"],
      "answer": "Indonésie"
    },
    {
      "question": "Quel est le pays qui a la plus grande superficie de forêt tropicale ?",
      "options": ["Brésil", "Congo", "Indonésie", "République Démocratique du Congo"],
      "answer": "Brésil"
    },
    {
      "question": "Quel est le plus grand lac d'eau douce du monde ?",
      "options": ["Lac Baïkal", "Lac Supérieur", "Lac Victoria", "Lac Tanganyika"],
      "answer": "Lac Baïkal"
    },
    {
      "question": "Quel est le plus long fleuve d'Amérique du Sud ?",
      "options": ["Amazone", "Paraná", "Orénoque", "São Francisco"],
      "answer": "Amazone"
    },
    {
      "question": "Quel pays est traversé par l'équateur et le tropique du Cancer ?",
      "options": ["Colombie", "Équateur", "Kenya", "Indonésie"],
      "answer": "Équateur"
    },
    {
      "question": "Quel est l'océan qui borde la côte ouest des États-Unis ?",
      "options": ["Océan Atlantique", "Océan Pacifique", "Océan Indien", "Océan Arctique"],
      "answer": "Océan Pacifique"
    },
    {
      "question": "Quel est le pays d'Asie qui possède la plus grande population ?",
      "options": ["Inde", "Chine", "Indonésie", "Pakistan"],
      "answer": "Chine"
    },
    {
      "question": "Quel est l'archipel de l'océan Indien qui est connu pour ses plages paradisiaques ?",
      "options": ["Les Seychelles", "Les Maldives", "Les Comores", "Maurice"],
      "answer": "Les Maldives"
    }
  ]
  